Brand Name	Generic Name
Abelcet	amphotericin b lipid complex
Abilify	aripiprazole
Abilify Maintena injection	aripiprazole
Abraxane	albumin-bound paclitaxel
Accupril	quinapril HCI
Accuretic	quinapril/HCTZ tablet
Actemra	tocilizumab
Acthar Gel	corticotropin (ACTH)
Actimmune	interferon gamma-1b
Activase	alteplase
Acuvail	ketorolac tromethamine ophthalmic solution
Aczone Gel 5%	dapsone
Adacel	tetanus toxoid, reduced diphtheria toxoid and acellular pertussis vaccine
Adcetris	brentuximab vedotin
Adcirca tablets	tadalafil
Adempas Tablet	riociguat
Advair diskus 100/50	fluticasone/propionate/salmeterol
Advair diskus 250/50	fluticasone/propionate/salmeterol
Advair diskus 500/50	fluticasone propionate/salmeterol
Advair HFA	fluticasone propionate and salmeterol
Advate	antihemophilic factor
Adynovate	Antihemophilic Factor (Recombinant), PEGylated
Aerochamber	inhaler spacer
Aerochamber Plus Flow-Vu mouthpiece/mask	inhaler spacer
Afinitor	everolimus
Afinitor Disperz	everolimus
Afrezza	insulin (human), inhalation powder
Agrylin	anagrelide hydrochloride
Akynzeo Capsule	netupitant/palonosetron
Albenza tablets	albendazole
Aldactazide	spironolactone and hydrochlorothiazide
Aldactone	spironolactone
Aldurazyme	laronidase
Alecensa	alectinib
Alimta	pemetrexed
Alinia suspension	nitazoxanide
Alinia tablets	nitazoxanide
Allegra OTC	fexofenadine OTC tablet
Alomide	lodoxamide tromethamine solution
Aloxi	palonosetron HCI injection
Alphagan P 1%	brimonidine tartrate ophthalmic solution
Alphanate injection	antihemophilic factor/von willebrand factor complex (human)
AlphaNine SD	coagulation factor ix (human)
Alprolix Powder	coagulation factor IX (rDNA)
Alrex suspension .2%	loteprednol etabonate ophthalmic suspension
Altabax	retapamulin ointment 1%
Altace	ramipril
Alvesco	ciclesonide
AmBisome (injection)	amphotericin B, lipid-based
Amicar	aminocaproic acid
Amitiza	lubiprostone
Ampyra Tablet	dalfampridine
Anafranil	clomipramine hcl
Analpram HC Cream	hydrocortisone/pramoxine
Ancobon Caps	flucytosine
AndroGel	testosterone gel
Android capsules	methyltestosterone capsules
Angeliq	drospirenone/estradiol
Angiomax	bivalirudin
Anoro Ellipta	umeclidinium and vilanterol inhalation powder
Anusol-HC (cream)	hydrocortisone cream
Anusol-HC Cream	hydrocortisone
Anusol-HC Suppository	hydrocortisone
Apidra	insulin glulisine
Apligraf	bi-layered skin substitute
Apriso	mesalamine extended release
Aptiom Tablet	eslicarbazepine acetate
Aptivus capsules	tipranavir
Aptivus Oral Solution	tipranavir
Aralast	aralast
Aranesp	darbepoetin alfa
Arcapta Neohaler	indacaterol inhalation powder
Arestin	minocycline
Arimidex	anastrazole
Aristada	aripiprazole lauroxil
Armour Thyroid	thyroid
Arnuity Ellipta	fluticasone furoate inhalation powder
Aromasin	exemestane
Arranon	nelarabine
Arthrotec	diclofenac sodium/misoprostol
Arzerra	ofatumumab
Asmanex HFA	mometasone furoate
Asmanex Twisthaler	mometasone furoate inhalation powder
Astagraf XL	tacrolimus
Atgam	lymphocyte immune globulin/anti-thymocyte globulin
Atralin	tretinoin
Atripla	efavirenx/emtricitabine/tenofovir disoproxil fumarate
Atrovent HFA Inhalation Aerosol	ipratropium bromide
Aubagio tablets	teriflunomide
Auryxia Tablet	ferric citrate)
Avandia tablets	rosiglitazone maleate
Avastin	bevacizumab
Avodart soft gelatin tablets	dutasteride
Avonex	interferon beta-1a
Aygestin	norethindrone acetate tablet
Azilect	rasagiline tablets
Azopt	brinzolamide suspension
Azor	amlodipine and olmesartan
Azulfidine	sulfasalazine
Bacitracin	bacitracin
Bactroban cream	mupirocin
Bactroban Nasal Ointment	mupirocin calcium ointment
Bactroban ointment	mupirocin
Banzel	rufinamide
Baraclude Oral Solution	entecavir
Baraclude tablets	entecavir
Bebulin	factor IX complex
Beconase AQ (nasal spray)	beclomethasone dipropionate
Beleodaq Powder	belinostat
Belsomra	suvorexant
Belviq tablet	lorcaserin hydrochloride
Bendeka Injection	bendamustine HCl
BeneFIX Coagulation Factor IX	recombinant
Benicar	olmesartan medoxomil
Benicar HCT	olmesartan medoxomil
Benlysta	belimumab
Bepreve Ophthalmic Solution 1.5%	bepotastine besilate
Berinert	c1 esterase inhibitor
Besivance	besifloxacin ophthalmic suspension
Betaseron	interferon beta-1b
Bethkis Inhalation Solution	tobramycin
Betimol	timolol ophthalmic solution
Betoptic S	betaxolol hydrochloride suspension
Beyaz	drospirenon/ethinyl estradiol/levomefolate calcium
BiDil	isosorbide dinitrate and hydralazine hydrochloride
Biltricide	praziquantel
Bion Tears	bion tears
Blincyto	blinatumomab
Boostrix	tetanus toxoid, reduced diphtheria toxoid and acellular pertussis vaccine
Bosulif	bosutinib
Botox	botulinum toxin type A
Bravelle Injection	urofollitropin
Breo Ellipta	fluticasone furoate and vilanterol inhalation powder
Brilinta Tablets	ticagrelor
Brisdelle Capsule	paroxetine
Briviact	brivaracetam
Brovana	Arformoterol Tartrate Inhalation Solution
Bupap tablets	butalbital/acetaminophen
Buphenyl Powder	sodium phenylbutyrate
Buphenyl Tablet	sodium phenylbutyrate
Butrans Transdermal System	buprenorphine
Bydureon	exenatide extended-release for injection suspension
Byetta	exenatide
Bystolic	nebivolol
Cabometyx	cabozantinib s-malate
Caduet	amlodipine besylate/atorvastatin calcium
Calan	verapamil HCl
Campath 30mg	alemtuzumab
Camptosar	irinotecan hcl
Canasa	mesalamine
Cancidas	caspofungin acetate
Carac Cream	fluorouracil cream
Carbaglu	carglumic acid
Carbatrol	carbamazepine
Cardizem LA	diltiazem hcl
Cardura	doxazosin mesylate
Carimune NF	nanofiltered immune globulin intravenous (human)
Carnitor	levocarnitine (L-Carnitine)
Casodex	bicalutamide
Cathflo	alteplase
Caverject	alprostadil
Cayston	aztreonam for inhalation solution
Celebrex	celecoxib
CellCept	mycophenolate mofetil
Celontin	methsuximide
Cerdelga Capsule	eliglustat
Cerezyme	imiglucerase
Cetacaine	benzocaine
Cetrotide injection	cetrorelix acetate
Chantix	varenicline
Chemet Capsules	succimer
Cholbam capsule	cholic acid capsule
Cialis	tadalafil
CIMZIA	certolizumab pegol
Cinqair Injection	Reslizumab
Cinryze	c1 esterase inhibito
Cipro	ciprofloxacin hydrochloride
Cipro (oral suspension)	ciprofloxacin
Cipro HC Otic	ciprofloxacin hydrochloride and hydrocortisone suspension
Ciprodex	ciprofloxacin and dexamethasone
Clarinex	desloratadine
Cleocin	clindamycin phosphate
Cleocin Phosphate	clindamycin phosphate
Climara .025mg	estradiol (transdermal)
Climara .0375mg	estradiol (transdermal)
Climara .05mg	estradiol (transdermal)
Climara .06mg	estradiol (transdermal)
Climara .075mg	estradiol (transdermal)
Climara .1mg	estradiol (transdermal)
Climara Pro 0.045mg/.015mg	estradiol/levonorgestrel transdermal system
Clolar	clofarabine injection
Clozapine	clozapine
Colazal	balsalazide
Colcrys tablet	colchicine
Colestid	colestipol hcl
Combigan	brimonidine tartrate/timolol maleate opthalmic solution
Combivent Inhalation Aerosol	ipratropium bromide; albuterol sulfate
Combivir tablets	lamivudine/ziovudine tablets
Compleat	compleat
Compleat Pediatric	compleat pediatric
Complera	emtricitabine/rilpivirine/tenofovir disoproxil fumarate
Concerta	methyphenidate HCI
Copaxone	glatiramer acetate
Copegus	ribavirin
Coreg CR	carvedilol phosphate extended release capsules
Corgard	nadolol
Corifact	factor xiii concentrate (human)
Corlanor	ivabradine
Cortef	hydrocortisone cypionate
Corvert	ibutilide fumarate
Corzide	antihypertensive combinations
Cosentyx	secukinumab
Cosmegen Injection	dactinomycin injectable
Cosopt	dorzolamide HCl 2% Solution
Cotellic	cobimetinib
Creon Delayed-Release capsules	pancrelipase
Cresemba Capsule	isavuconazonium sulfate
Cresemba Injection	isavuconazonium sulfate
Crinone	progesterone gel
Crixivan	indinavir sulfate
Cubicin injection	daptomycin
Cuprimine capsules	penicillamine
Cuvitru	Immune Globulin Subcutaneous (Human)
Cyclogyl	cyclopentolate hydrochloride solution, USP
Cycloset tablet	bromocriptine mesylate tablets
Cyclosporine capsules	cyclosporine
Cyclosporine Oral Solution	cyclosporine
Cyklokapron	tranexamic acid
Cymbalta	duloxetine hcl
Cyramza	ramucirumab injection
Cystadane	betaine anhydrous
Cytomel	liothyronine sodium
Cytotec	misoprostol
Cytra-K	potassium citrate
Daklinza	daclatasvir
Daliresp	roflumilast
Dalvance Vials	dalbavancin
Daraprim tablet	pyrimethamine
Darzalex	daratumumab
Daypro	oxaprozin
Defitelio	Defibrotide sodium
Delzicol DR Capsules	mesalamine
Demser capsules	metyrosine
Depakote	divalproex Na Tabs
Depakote ER Tablets	divalproex sodium extended release tablets
Depo Estradiol	estrodiol cypionate in oil
Depo Provera	medroxyprogesterone contraceptive injection
Depo-Medrol	sterile methylprednisolone acetate
Depo-subQ Provera 104	medroxyprogesterone acetate
Depo-Testosterone	testosterone cypionate
Depocyt	cytarabine liposome
Dermagraft Dermal Substitute 2x3	dermagraft
Descovy	emtricitabine/tenofovir alafenamide
Desonate	desonide
Detachol	adhesive remover
Detrol	tolterodine tartrate tablet
Detrol LA	tolterodine tartrate
Dexilant	dexlansoprazole
Dexpak Taperpak	dexamethasone
Diabetisource AC	diabetisource AC
Diastat	diazepam
Diastat AcuDial	diazepam rectal gel
Diclegis Tablet	doxylamine succinate/pyridoxine hydrochloride
Diflucan	fluconazole
Dilantin	phenytoin sodium capsule
Diprolene Cream	augmented betamethasone dipropionate
Diprolene Lotion	augmented betamethasone dipropionate
Diprolene Ointment	augmented betamethasone dipropionate
Donnatal Tablet	Belladonna Alkaloids with Phenobarbital
Doxil	doxorubicin HCL liposome injection
Droxia	hydroxyurea
Duac Topical Gel	clindamycin phosphate/benzoyl peroxide
Duavee Tablet	conjugated estrogens/bazedoxifene
Duexis Tablet	ibuprofen/famotidine
Dulera Inhalation Aerosol	mometasone furoate/formoterol fumarate dihydrate
Duragesic	fentanyl
Durezol	difluprednate emulsion
Dymista Nasal Spray	azelastine/fluticasone propionate
Dysport Injection	abobotulinumtoxinA
E.E.S. granules; oral	erythromycin ethylsuccinate granule; oral
Edarbi Tablet	azilsartan medoxomil
Edarbyclor Tablet	azilartan medoxomil/chlorthalidone
Edecrin tablets	ethacrynic acid
Edurant	rilpivirne
Effexor XR	venlafaxine
Effient Tablets	prasugrel
Egrifta	tesamorelin for injection
Elaprase Solution	idsulfase
Elelyso	taliglucerase alfa
Elidel	pimecrolimus
Eligard	leuprolide acetate
Eliquis	apixaban
Elitek	rasburicase
Ellence	epirubicin hcl
Elmiron	pentosan polysulfate sodium
Elocon Cream	mometasone furoate
Elocon Lotion	mometasone furoate
Eloctate Injection	antihemophilic factor recombinant fc fusion protein
Emadine	emedastine difumarate solution
Embeda	morphine sulfate and naltrexone hydrochloride
Emcyt	estramustine phosphate sodium
EMEND	aprepitant
EMEND for Injection	fosaprepitant dimeglumine
Empliciti	elotuzumab
EMSAM	selegiline transdermal
Emtriva	emtricitabine
Emtriva Oral Solution	emtricitabine oral solution
Emverm	mebendazole
Enbrel	etanercept
Endometrin Vaginal Insert	progesterone
Enemeez	docusate sodium
Enfamil EnfaCare	infant formula
Enfamil Human Milk Fortifier Powder	infant formula
Enfamil Infant Formula Liquid	infant formula
Enfamil Infant Formula Powder	infant formula
Enfamil Reguline Powder	infant formula
Engerix-B	hepatitis B vaccine (recombinant)
Entereg Capsule	alvimopan
Entresto	sacubitril/valsartan
Entyvio Injection	vedolizumab
Epclusa	sofosbuvir/velpatasvir tablet
Epiduo Gel	adapalene and benzoyl peroxinde
Epinephrine auto injector .15mg	epinephrine auto injector
EpiPen	epinephrine
EpiPen Jr	epinephrine
Epivir oral solution	lamivudine oral solution
Epivir tablets	lamivudine
Epivir-HBV oral solution	lamivudine
Epivir-HBV tablets	lamivudine
Epogen	epoetin alfa
Epzicom tablets	abacavir sulfate and lamivudine
Equetro	carbamazepine
Eraxis	anidulafungin IV
Erbitux	cetuximab
Erivedge	vismodegib
Erwinaze Injection	asparaginase erwinia chrysanthemi
Esbriet Capsule	pirfenidone
Estrace Cream	estradiol vaginal cream
Estring	estradiol vaginal ring
Estrogel	estradiol gel
Etopophos	etoposide phosphate
Evista	raloxifene tablet
Evotaz Tablet	atazanavir/cobicistat
Exalgo tablets	hydromorphine
Exjade	deferasirox
Extavia	interferon beta-1b
Eylea injection	aflibercept
Fabior Foam	tazarotene
Fabrazyme	agalsidase beta
Famvir	famciclovir tablet
Fanapt	iloperidone
Fareston	toremifene citrate
Farxiga Tablet	dapagliflozin
Farydak Capsule	panobinostat
Faslodex	fulvestrant
Feiba VH powder	coagulant complex inhibitor
Felbatol Oral Suspension	felbamate
Felbatol Tablets	felbamate
Feldene	piroxicam
Femara	letrozole
Fentora	fentanyl buccal
Feraheme Injection	ferumoxytol
FeRiva 21/7 Capsule	vitamin/mineral supplement
Fetzima Extended Release Capsules	levomilnacipran
Finacea	azelaic acid
Finacea Foam	azelaic acid
Firazyr Injection	icatibant
Flagyl	metronidazole
Flarex	fluorometholone acetate suspension
Flebogamma	immune globulin iv (human)
Flector Patch 1.3%	diclofenac epolamine topical patch
Flexeril	Cyclobenzaprine
Florinef	fludrocortisone acetate
Flovent Diskus 100mcg	fluticasone propionate inhalation power
Flovent Diskus 250 mcg	fluticasone propionate inhalation power
Flovent Diskus 50mcg	fluticasone propionate inhalation power
Flovent HFA 110 mcg	fluticasone propionate inhalation aerosol
Flovent HFA 220 mcg	fluticasone propionate inhalation aerosol
Flovent HFA 44 mcg	fluticasone propionate inhalation aerosol
FluMist Quadrivalent	influenza vaccine live
Focalin XR	dexmethylphenidate hcl
Folotyn	pralatrexate injection
Forfivo XL Tablet	bupropion
Forteo	teriparatide
Fosrenol	lanthanum carbonate
Fragmin	dalteparin sodium
FreeStyle Glucose Test Strips	glucose test strips
FreeStyle Meter Monitoring System	glucose meter
Frova 2.5mg	frovatriptan succinate
Fulyzaq tablet	crofelemer
Fusilev Injection	levoleucovorin
Fycompa Tablet	perampanel
Gabitril	tiagabine HCI
Galzin	zinc acetate
Gammagard	immune globulin intravenous (human)
Gardasil	quadrivalent human papillomavirus
Gardasil 9	human papillomavirus 9valent recombinant
Gattex Injectable	teduglutide
Gazyva	obinutuzumab
Gelnique	oxybutynin chloride
Gemzar	gemcitabine hydrochloride
Gengraf Capsules	cyclosporine capsules, USP modified
Genotropin	somatropin
Genvoya	elvitegravir/cobicistat/emtricitabine/tenofovir alafenamide
Geodon	ziprasidone HCI
Giazo tablets	balsalazide disodium
Gilenya	fingolimod
Gilotrif Tablet	afatinib
Glassia Injection	alpha1-proteinase inhibitor (human)
Glatopa	glatiramer acetate injection
Gleevec	imatinib mesylate
Gliadel Wafer	polifeprosan 20 with carmustine implant
GlucaGen Hypokit	glucagon (rDNA) for injection
Glucagon	glucagon
Glucotrol	glipizide
Glynase PresTab	micronized glyburide
Glyset	miglitol
Glytrol	glytrol
Glyxambi Tablet	empagliflozin/linagliptin
Gonal-f prefilled pen	follintropin alpha
Gralise tablet	gabapentin
Granix Injection	tbo-filgrastim
Grastek	timothy grass pollen allergen extract
Halaven Injection	eribulin mesylate
Halcion	triazolam
Haldol Decanoate Injection	haloperidol
Haldol injection	haloperidol injection
Harvoni tablet	ledipasvir/sofosbuvir
Havrix	hepatitis A vaccine, inactivated
Hectorol 4mcg/2ml injection	doxercalciferol
Helixate FS	antihemophilic factor (recombinant)
Hemabate	carboprost tromethamine,USP
Hemofil M AHF	antihemophilic factor
HepaGam B	(hepatitis B immune globulin i (human))
Heparin	sodium injection
Hepsera	adefovir dipivoxil
Herceptin	trastuzumab
Hizentra vial 20%	immune globulin subcutaneous (human)
Humalog Injection	insulin lispro injection
Humalog KwikPen	insulin lispro injection
Humalog KwikPen Mix 50/50	insulin lispro injection (rDNA)
Humalog KwikPen Mix 75/25	insulin lispro injection (rDNA)
Humalog Mix 50/50	50% Insulin Lispro Protamine Suspension, 50% Insulin Lispro Injection (rDNA)
Humalog Mix 75/25	human insulin lispro (rDNA)
Humate-P	antihemophilic factor/von willebrand factor complex (Human)
HUMIRA	adalimumab
Humulin 70/30	isophane human insulin (rDNA); human insulin (rDNA)
Humulin N Injection	NPH human insulin (rDNA)
Humulin R Injection	Regular human insulin (rDNA)
Humulin R U-500 Injection; Concentrated	regular insulin human [rDNA Origin]
Hyalgan	hyaluronate sodium
Hycamtin capsules	topotecan
Hycamtin injection	topotecan HCl
HylatopicPlus Emollient Cream	HylatopicPlus Emollient
HylatopicPlus Emollient Foam	Hylatopic Plus Emollient
HyQvia Injectable	immune globulin infusion human with recombinant human hyaluronidase
Hysingla ER	hydrocodone bitartrate
Ibrance	palbociclib
Iclusig Tablet	ponatinib
Idamycin	idarubicin hcl
Idelvion	coagulation factor IX (recombinant), albumin fusion protein
Ilaris	canakinumab
Ilevro	nepafenac suspension
Imbruvica	ibrutinib
Imitrex (Nasal Spray)	sumatriptan succinate
Imlygic	talimogene laherparepvec
Imogam	rabies immune globulin
Imovax	rabies vaccine
Increlex Injection	mecasermin
Incruse Ellipta	umeclidinium inhalation powder
Inderal LA Capsules	propranolol HCL ER
InFed	infed
Injectafer Injection	ferric carboxymaltose
Inlyta	axitinib
InnoPran XL	propranolol hydrochloride
Inspra	eplerenone
Intelence	etravirine
Intron A	interferon alfa-2b
Intuniv Extended Release Tablets	guanfacine
Invanz	ertapenem
Invega	paliperidone
Invega Sustenna	paliperidone palmitate
Invokamet	canagliflozin-metformin
Invokamet XR	canagliflozin/metformin HCI
Invokana	canagliflozin
Iressa	gefitinib
Isentress	raltegravir
Istodax injection	romidepsin
Ixempra	ixabepilone
Jadenu Tablet	deferasirox
Jakafi Tablet	ruxolitinib
Jalyn	dutasteride and tamsulosin hydrochloride
Janumet	sitagliptin/metformin HCL
Janumet XR	sitagliptin/metformia HCI extended -release
Januvia	sitagliptin phosphate
Jardiance Tablet	empagliflozin
Jentadueto tablet	linagliptin/metformin HCI
Jetrea Injection	ocriplasmin
Jevtana	cabazitaxel
Kadcyla Injection	ado-trastuzumab emtansine
Kalbitor injection 10mg/mL	ecallantide
Kaletra oral solution	lopinavir/ritonavir oral solution
Kaletra tablets	lopinavir/ritonavir capsules
Kalydeco	ivacaftor
Kanuma	sebelipase alfa
Kazano	alogliptin and metformin HCL
Kemadrin	procyclidine HCL
Kepivance	palifermin
Keppra	levetiracetam tablet
Keppra XR tablets	levetiracetam ER
Keveyis tablet	dichlorphenamide tablet
Keytruda	pembrolizumab
Kineret	anakinra
Klor-Con 8mEQ	potassium chloride ER tablet
Klor-Con M10	potassium chloride ER tablet
Kogenate FS	antihemophilic factor (recombinant)
Kombiglyze XR	saxagliptin/metformin hcl extended-release
Korlym tablets	mifepristone
Kovaltry	antihemophilic factor (recombinant)
Kristalose oral solution	lactulose
Krystexxa IV	pegloticase
Kuvan	sapropterin dihydrochloride
Kynamro Injection	mipomersen sodium
Kyprolis Injection	carfilzomib
Lamictal	lamotrigine
Lamictal ODT (patient titration kits)	lamotrigine
Lamictal Starter Kits	lamotrigine
Lamictal XR	lamotrigine
LAMICTAL XR Patient Titration Kits	lamotrigine
Lamisil Oral Granules	terbinafine hydrochloride
Lantus	insulin glargine
Lantus (SoloStar pen)	insulin glargine
Latuda tablets	lurasidone HCI
Lazanda Nasal Spray	fentanyl citrate
Lemtrada	alemtuzumab
Lenvima	lenvatinib
Letairis Tablets	ambrisentan
Leukine	sargramostim
Levemir	insulin detemir (rDNA) injection
Levemir FlexTouch	insulin detemir (rDNA) injection
Levoleucovorin injection	levoleucovorin injection
Levoxyl	levothyroxine
Lexiscan	regadenoson injection
Lexiva oral suspension	fosamprenavir calcium
Lexiva tablets	fosamprenavir calcium
Lialda	mesalamine
Liletta Intrauterine Contraceptive Device	levonorgestrel
Lincocin	lincomycin
Linzess Capsules	linaclotide
Lipitor	atorvastatin calcium
Lithostat	acetohydroxamine acid
Livalo	pitavastatin
LMX Anesthetic Cream 4%	lidocaine topical
Lodosyn tablets	carbidopa
Lomotil	diphenoxylate hydrochloride/atropine sulfate
Lonsurf	trifluridine and tipiracil
Lopid	gemfibrozil
Lorabid	loracarbef
Lotemax Gel 0.5%	loteprednol etabonate ophthalmic
Lotrisone Cream	clotrimazole/betamethasone cream
Lotrisone Lotion	clotrimazole & betamethasone diproprionate
Lotronex	alosetron HCL
Lovaza	omega-3-acid ethyl esters
Lovenox	enoxaparin sodium
Lucentis	ranibizumab injection
Lumigan	bimatoprost ophthalmic solution
Lumizyme IV	alglucosidase alfa
Lunesta	eszopiclone
Lupaneta Pack Injection/Tablet	leuprolide acetate/norethindrone acetate
Lupron Depot	leuprolide acetate
Lupron Depot (ped)	leuprolide acetate for depot supspension
Lynparza	olaparib
Lynparza Capsule	olaparib
Lyrica	pregabalin
Lysodren	mitotane
M-M-R ll	measles, mumps, and rubella virus vaccine live
Macugen injection	pegaptanb sodium
Mag-Tab SR	magnesium L-lactate dihydrate
Makena Injection	hydroxyprogesterone caproate
Malarone tablets	atovaquone and proguanil hcl
Marinol capsules	dronabinol
Marplan	isocarboxazid
Marqibo Injectable	vinCRIStine sulfate
Mastisol	liquid adhesive
MatriStem Wound Matrix	lyophilized extracellular matrix
Matulane	procarbazine HCL
Maxalt	rizatriptan benzoate
Maxalt-MLT	rizatriptan benzoate
Maxidex	dexamethasone suspension
Medrol	methylprednisolone
Mekinist	trametinib
Menactra	Polysaccharide Diphtheria Toxoid Conjugate Vaccine
Menest	esterified estrogens
Menomune	meningococcal polysaccharide vaccine
Menopur Injection	menotropins
Menostar	estradiol transdermal system
Mephyton tablets	phytonadione
Mepron suspension	atovaquone
Merrem I.V.	meropenem for injection
Mestinon	pyridostigmine bromide
Mestinon, syrup	pyridostigmine bromide
Metabolic Products Powder	infant formula
Miacalcin	calcitonin-salmon
Migranal nasal spray	dihydroergotamine mesylate
Minocin capsules	minocycline
Mirena	levonorgestrel-releasing intrauterine system
Mirvaso Topical Gel	brimonidine
Monoclate-P	Antihemophilic Factor (Human) Factor VIII:C Pasteurized
MonoNine Injection	factor ix
Monovisc	sodium hyaluronate
Monurol Powder	fosfomycin
Movantik	naloxegol oxalate
MoviPrep	PEG-3350, sodium sulfate, sodium chloride, potassium chloride, sodium ascorbate and ascorbic acid for oral solution
Mozobil	plerixafor injection
MuGard oral rinse	mucadhesive
Multaq	dronedarone tablets
Mustargen Injection	mechlorethamine injectable
Mycamine injection	micafungin sodium
Mycobutin	rifabutin
Myfortic	mycophenolic acid
Myobloc Injection	rimabotulinumtoxinB
Myozyme	alglucosidase alfa
Myrbetriq	mirabegron
Mysoline	primidone
Mytesi tablet; delayed-release	crofelemer
Namenda Oral Solution	memantine
Namenda Tablets	memantine hcl
Namenda Titration Pak	memantine hcl
Namenda XR capsule	memantine
Namzaric Capsules	memantine hydrochloride extended-_release and donepezil _hydrochloride
Nardil	phenelzine sulfate
Nascobal nasal spray	cyanocobalamin
Nasonex	mometasone furoate
Natazia	estradiol valerate/dienogest
Natpara Injection	parathyroid hormone
Neocate Powdered Formula	Neocate Powdered Formula
Neoral	cyclosporine
Nesina	alogliptin
Neulasta	pegfilgrastim
Neupogen	filgrastim
Neupro Transdermal System	rotigotine
Neurontin	gabapentin
Nevanac	nepafenac suspension
Nexavar	sorafenib
Nexium for Oral Suspension	esomeprazole magnesium
Nexium I.V. injection	esomeprazole sodium injection
Nicotrol	nicotine
Ninlaro	ixazomib
Nitro-dur	nitroglycerin
NitroMist Spray	nitroglycerin lingual aerosol
Nitrostat	nitroglycerin
Norditropin FlexPro Injection 5mg, 10mg, 15mg	somatropin (rDNA origin)
Norditropin NordiFlex Injection 30mg	somatropin (rDNA origin)
Norpace	disopyramide
Northera Capsule	droxidopa
Norvasc	amlodipine besylate
Norvir oral solution	ritonavir oral solution
Norvir Soft Gelatin Capsules	ritonavir soft gelatin capsules
Norvir Tablets	ritonavir tablets
Novarel Injection	chorionic gonadotropin
Novocure NovoTTF-100a Medical Device	tumor treating fields
Novoeight vial	antihemophilic factor (recombinant) vial
NovoFine 30G	needles
NovoFine 32G Tip	needle tip
Novolin 70/30 Vials	insulin (rDNA)
Novolin N Vials	70% NPH/30% regular human insulin (rDNA)
Novolin R Vials	regular, human insulin injection (rDNA)
NovoLog	insulin analog injection
NovoLog 70/30 FlexPen	insulin analog injection
NovoLog FlexPen	insulin analog injection
NovoLog Mix 70/30	insulin analog injection
NovoSeven RT injection	coagulation factor viia (recombinant)
NovoTwist 32G	needles
Noxafil	posaconazole
Nplate	romiplostim
Nucala	mepolizumab
Nuedexta	dextromethorphan hydrobromide and quinidine sulfate
Nulojix	belatacept
Nutramigen Liquid	infant formula
Nutramigen Powder	infant formula
Nutren 1.0 with Fiber	nutren 1.0 with fiber
Nutren 1.5	nutren 1.5
Nutren Junior	nutren junior
Nutren Junior Fiber	nutren junior fiber
Nutropin AQ	somatropin (rDNA) injection
Nuvigil	armodafinil
Odefsey	emtricitabine/rilpivirine/tenofovir alafenamide
Odomzo	sonidegib
Ofev Capsule	nintedanib
Olysio	simeprevir
Omnaris Nasal Spray	ciclesonide
Omnitrope	somatropin [rDNA origin] for injection
Omnitrope Injection	somatropin (rDNA)
Oncaspar	pegaspargase
Onfi Tablet	clobazam
Onglyza	saxagliptin
Onivyde injection	irinotecan liposome
Opdivo Injection	nivolumab
Opsumit Tablet	macitentan
Optune Medical Device	tumor treating fields
Oracea Capsule	doxycycline
ORAP (tablets)	pimozide
Orbactiv	oritavancin
Orencia	abatacept
Orenitram tablet; extended release	treprostinil
Orfadin	nitisinone
Orkambi	lumacaftor/ivacaftor
Ortho-Prefest	estrogens and progestins
Orthovisc	hyaluronan
Oseni	alogliptin and pioglitazone
Osphena tablet 60mg	ospemifene
Otezla Tablet	apremilast
Otrexup Injection	methotrexate
Ovidrel injection	choriogonadotropin alfa
Oxsoralen Lotion	methoxsalen
Oxsoralen-Ultra	methoxsalen USP
Oxtellar XR Tablet	oxcarbazepine
Oxycontin Tablet	oxycodone
Ozurdex Intravitreal Implant	dexamethasone
Pamelor (capsules)	nortriptyline
Pamelor (solution)	nortriptyline
Pancreaze Delayed-Release Capsules	pancrelipase
Panhematin Injection	hemin
Pataday	olopatadine hydrochloride solution
Pazeo	olopatadine hydrochloride solution
Peganone Tablets	ethotoin
Pegasys	peginterferon
Pegasys ProClick	peginterferon alfa-2a
Pennsaid	diclofenac sodium solution; topical
Pentasa	mesalamine
Peptamen	peptamen
Peptamen 1.5	peptamen 1.5
Peptamen Junior	peptamen junior
Peptamen Junior Fiber	peptamen junior fiber
Peptamen Junior PreBio	peptamen junior prebio
Peptamen PreBio	peptamen prebio
Perforomist	formoterol fumarate
PERJETA	pertuzumab
Pertzye capsule	amylase/lipase/pancrelipase/protease
Pfizerpen	penicillin G potassium
Phoslyra	calcium acetate
Phospholine Iodide for Ophthalmic Solution	echothiophate iodide
Photofrin injection	porfimer sodium injection
Picato Gel	ingenol mebutate
Plegridy Injection	peginterferon beta1a
Pneumovax 23	pneumococcal vaccine polyvalent
Pomalyst capsule	pomalidomide
Portrazza	necitumumab
Potaba tablets	potassium p-aminobenzoate
Potiga tablet	ezogabine
Pradaxa Capsules	dabigatran etexilate
Praluent	alirocumab
Precose	acarbose
Pred Forte Ophthalmic Suspension 1.0%	prednisolone acetate
Pregestimil Powder	infant formula
Premarin	conjugated estrogens
Premarin vaginal cream	conjugated estrogens
Premphase	conjugated estrogens/medroxyprogesterone acetate tablets
Prempro	conjugated estrogens; medroxyprogesterone acetate
Prenate AM tablets	Prenatal Vitamin
Prenate Chewable	Prenatal Vitamin
Prenate DHA tablets	Prenatal Vitamin
Prenate Elite tablets	Prenatal Vitamin
Prenate Enhance	vitamin/mineral supplement
Prenate Essential	Prenatal Vitamin DHA
Prenate Restore	vitamin/mineral supplement
Prenate Star	multivitamin/mineral
Prevacid SoluTab	lansoprazole
Prevnar 13	pneumococcal 13-valent conjugate vaccine [Diphtheria CRM197 Protein]
Prezcobix Tablets	darunavir/cobicistat
Prezista	darunavir
Prialt	ziconotide infusion
Priftin	rifapentine tablets
Primaxin IM	impenem-cilastatin
Primaxin IV	impenem-cilastatin
Primlev	Oxycodone HCI/Acetaminophen
Pristiq	desvenlafaxine
ProAir Hfa inhaler	albuterol hfa
Procanbid	procainamide HCI extended-release tablets
Procardia	nifedipine
Procardia XL	nifedipine extended release
Procrit	epoetin alfa
Proctocort 1% cream	hydrocortisone cream USP, 1%
Proctocort Cream	hydrocortisone
Proctocort suppositories	hydrocortisone acetate rectal suppositories, 30 mg
Procysbi	cysteamine bitartrate delayed-release capsule
Prodigy Insulin Syringes	Insulin Syringes
Prodigy No Coding Blood Glucose Strips	blood glucose strips
Prodigy Preferred Blood Glucose Monitor	blood glucose monitor
Prodigy Twist Top Lancets 28G	lancets
ProfilNine	faxtor ix complex
Proglycem oral suspension	diazoxide
Prograf	tacrolimus capsule
Prolensa	bromfenac sodium solution
Prolia	denosumab
Promacta	eltrombopag
Prostigmin Tablets	neostigmine methylsulfate
Protonix	pantoprazole sodium
Provenge	sipuleucel-t
Proventil HFA Inhaler	albuterol
Provera	medroxyprogesterone acetate
Prozac	fluoxetine HCL
Prozac Weekly	fluoxetine HCL
Pulmicort Flexhaler	budesonide inhalation powder
Pulmozyme	dornase alfa recombinant inhalation solution
PurAmino Powder	infant formula
PuraPly AM Wound Dressing	wound matrix
PuraPly Wound Dressing	wound matrix
Pylera Capsules	bismuth subcitrate potassuim, metronidazole, tetracycline HCI
QNASL Nasal Aerosol	beclomethasone dipropionate
Quibron	theophylline;guaifenesin
Quibron T	theophylline
Quibron T/SR	theophylline
Quillichew ER	methylphenidate hydrochloride
Quillivant XR	methylphenidate hydrochloride
Qvar	beclomethasone dipropionate hfa
R-Gene 10 Injection	10% arginine hydrochloride, USP
Rabavert	rabies vaccine
Ragwitek	short ragweed pollen allergen extract
Ranexa	ranolazine extended-release tablets
Rapaflo	silodosin
Rapamune	sirolimus
Ravicti Liquid	glycerol phenylbutyrate
Rayos Tablet, Extended Release	prednisone
Rebif subcutaneous	interferon beta-1a
Reclast	zolendronic acid
Recombinate rAHF	recominant
Recombivax Hb	Hepatitis B vaccine (recombinant)
Rectiv ointment	nitroglycerin
Relenza	zanamivir for inhalation
Relistor	methylnaltrexone bromide
Relpax	eletriptan HBr
Remicade	infliximab
Remodulin injection	treprostinil
Renvela 800mg tablets	sevelamer carbonate
Renvela Powder 2.4g	sevelamer carbonate for oral suspension
Reopro	abciximab
Repatha	evolocumab
Requip XL	ropinirole extended-release tablets
Rescriptor	delavirdine mesylate
Restasis	cyclosporine
Restoril (capsules)	temazepam
Retisert Intravitreal Implant	fluocinolone acetonide
Retrovir capsules	zidovudine
Retrovir syrup	zidovudine
Retrovir tablets	zidovudine
Revatio	sildenafil citrate tablet
Revlimid	lenalidomide
Rexulti tablet	brexpiprazole tablet
Reyataz	atazanavir sulfate
Rhophylac Injection	(Rho(D) immune globulin)
RiaSTAP	fibrinogen concentrate (human)
Ribasphere RibaPak	ribavirin
Ridaura	auranofin
Risperdal	risperidone
Risperdal Consta	risperidone
Risperdal M-Tab	risperidone
Risperdal Oral Solution	risperidone
Rituxan	rituximab
Rituxan RA	rituximab
Rixubis	coagulation factor IX (recombinant)
Roxicodone Tablet	oxycodone
Rozerem	ramelteon
Rytary Capsule; Extended Release	carbidopa/levodopa
Rythmol SR	propafenone hydrochloride
Sabril Powder for Oral Solution 500mg	vigabatrin
Sabril Tablet 500mg	vigabatrin
Safyral	drospirenone/ethinyl estradiol/levomefolate calcium
Saizen	somatropin
Samsca Tablets 15mg, 30mg	tolvaptan
Sancuso	Granisetron Transdermal System
Sandimmune	cyclosporine
Sandostatin LAR	octreotide acetate
Saphris sublingual tablets	asenapine maleate
Savaysa tablet	edoxaban tablet
Savella	milnacipran HCl tablets
Savella Titration Pak	milnaciprab
Sculptra	poly-L-lactic acid
Selzentry	maraviroc
Sensipar	cinacalcet HCl
Serevent Diskus (Inhalation Powder)	salmeterol xinafoate
Seroquel XR	guetiapine furnarate
Serostim	somatropin
Signifor Injection	Pasireotide
Signifor LAR Injection	pasireotide
Silsoft Contact Lenses	Silsoft Contact Lenses
Simbrinza	brinzolamide/brimonidine tartrate suspension
Simponi	golimumab
Simponi ARIA Injection	golimumab
Singulair 4mg Oral Granules	montelukast sodium
Skelaxin	metaxalone
Skyla	levonorgestrel-releasing intrauterine system
Soliris	eculizumab
Somatuline Depot Injection	lanreotide acetate
Somavert	pegvisomant
Sonata	zaleplon
Soolantra cream	ivermectin cream
Soriatane Capsules	acitretin
Sorilux foam	calcipotriene
Sovaldi Tablet	sofosbuvir
Spiriva HandiHaler	tiotropium bromide inhalation powder
Spiriva Respimat Spray	tiotropium bromide
Sporanox Casules	itraconazole
Sporanox Oral Solution	itraconazole
Sprycel	dasatinib
Stelara	ustekinumab
Stimate	desmopressin acetate
Stiolto Respimat	tiotropium bromide and olodaterol
Stivarga	regorafenib
Strattera	atomoxetine hcl
Strensiq injection	asfotase alfa injection
Stribild tablet	elvitegravir/cobicistat/emtricitabine/tenofovir disoproxil fumarate
Striverdi Respimat Spray	olodaterol
Stromectol	Ivermectin
Suboxone Sublingual Film	buprenorphine and naloxone
Sucraid Oral Solution	sacrosidase
SumavelDosePro Needle-Free Delivery System	sumatriptan injection
Supprelin LA	histrelin acetate; subcutaneous implant
Suprenza	phentermine HCI
Sustiva	efavirenz
Sutent	sunitinib malate
Sylatron	peginterferon alfa-2b
Sylvant	siltuximab
Symbicort	budesonide/formoterol fumarate dihydrate
Symbyax	olanzapine and fluoxetine hcl
SymlinPen	pramlintide acetate
Symmetrel	amantadine
Synagis	palivizumab
Synarel	nafarelin acetate
Synjardy	empagliflozin/metformin hydrochloride
Synribo	omacetaxine mepesuccinate
Synthroid Tablets	levothyroxine sodium tablets, USP
Synvisc	hyaluronic acid derivatives
Synvisc-One Injection	hylan G-F 20
Syprine capsules	trientine hcl
Systane	systane
Taclonex Topical Suspension	calcipotriene/betamethasone/dipropionate
Tafinlar	dabrafenib
Tagrisso	osimertinib
Taltz	ixekizumab
Tanzeum injection	albiglutide
Tarceva	erlotinib
Targretin	bexarotene
Targretin Gel 1%	bexarotene
Tasigna	nilotinib
Tasmar tablets	talcapone
Tazorac Cream .05%	tazarotene
Tazorac Cream .1%	tazarotene
Tazorac Gel .05%	tazarotene
Tazorac Gel .1%	tazarotene
Tecentriq	atezolizumab
Tecfidera Capsule; Delayed Release	dimethyl fumarate
Technivie	ombitasvir, paritaprevir and ritonavir
Teflaro	ceftaroline
Tegretol	carbamazepine
Tegretol XR	carbamazepine extended release
Temodar	temozolomide
Tenivac	tetanus and diptheria toxoids absorbed
Tessalon Capsule	benzonatate
Thalitone	chlorthalidone tablets, USP
Thalomid	thalidomide
Theracys	BCG Live (Intravesical)
Thyrogen injection	thyrotropin alfa
Tikosyn	dofetilide
Tilade	nedocromil sodium
Tirosint Capsules	levothyroxine
Tivicay tablet	dolutegravir
TNKase	tenecteplase
Tobi	tobramycin
TOBI Podhaler	tobramycin inhalation powder
Tobradex ST	tobramycin / dexamethasone suspension
Tobrex ophthalmic ointment	tobramycin and dexamethasone ointment
Tobrex ophthalmic solution	tobramycin and dexamethasone suspension
Tofranil (tablets)	imipramine
Tofranil-PM (tablets)	imipramine
Tolerex	tolerex
Topamax Sprinkle Capsules	topiramate
Topamax tablets	topiramate
Torisel	temsirolimus
Toujeo	insulin glargine (rDNA origin) injection
Toviaz	fesoterodine fumarate
Tracleer tablets	bosentan
Tradjenta	linagliptin
Travatan Z	travoprost solution
Treanda	bendamustine hcl
Trecator Tablets	ethionamide
Trelstar	triptorelin pamoate for injectable suspension
Tretten Injection	coagulation factor Xlll A-Subunit (rDNA)
Treximet Tablet	naproxen sodium/sumatriptan succinate
Tribenzor	olmesartan medoxomil, amlodipine, hydrochlorothiazide
Triesence	triamcinolone acetonide injectable suspension
Trileptal	oxcarbazepine
Trintellix	vortioxetine
Trisenox	arsenic trioxide
Trizivir (Tablets)	abacavir sulfate, lamivudine, and zidovudine)
Trokendi XR Capsule	topiramate
Trulicity	dulaglutide
Trusopt	dorzolamide HCL
Truvada	tenofovir disoproxil / emtricitabine
Tudorza Pressair	aclidinium bromide inhalation powder
TussiCaps Extended-Release Capsules	chlorpheniramine/hydrocodone
Twinrix	combined hepatitis A (inactivated virus) and hepatitis B vaccine
Tybost	cobicistat
Tygacil	tigecycline
Tykerb	lapatinib tablets
Tysabri Vial	natalizumab
Tyvaso inhalation solution	treprostinil
Tyzeka	telbivudine
Uceris	budesonide
Uloric	febuxostat
Ultracet	tramadol hydrochloride/acetaminophen tablets
Ultresa	pancrelipase
Uribel Capsules	Methenamine, Sodium Phosphate Monobasic, Phenyl Salicylate, Methylene Blue, Hyoscyamine Sulfate
Urocit-K	potassium citrate
V-Go Disposable Insulin Delivery	insulin delivery device
Valcyte	valganciclovir
Vaqta	Hepatitis A vaccine, inactivated
Varivax	Varicella Virus vaccine live
Varizig	varicella zoster immune globulin (human)
Varubi tablet	rolapitant tablet
Vascepa	icosapent ethyl
Vectibix	panitumumab
Velcade	bortezomib
Veletri Injection	epoprostenol
Velphoro Chewable Tablets	sucroferric oxyhydroxide
Veltassa	patiromer
Veltin Gel	clindamycin phosphate/tretinoin
Venclexta	venetoclax
Venofer	iron sucrose
Ventavis	iloprost
Ventolin HFA	albuterol sulfate HFA inhalation aerosol
Veramyst Nasal Spray	fluticasone furoate
VESIcare	solifenacin succinate
Vfend	voriconazole
Viagra	sildenefil citrate
Vibativ Vial 750mg	telavancin
Viberzi	eluxadoline
Victoza 6mg/ml 2x3mL	liraglutide (rDNA) injection
Victoza 6mg/ml 3x3mL	liraglutide (rDNA) injection
Vidaza	azacitidine
Viekira Pak	ombitasvir/paritaprevir/ritonavir/dasabuvir
Viekira XR	dasabuvir, ombitasvir, paritaprevir, and ritonavir
Vigamox	moxifloxacin hydrochloride solution
Viibryd tablets	vilazodone
Vimovo	naproxen and esomeprazole magnesium
Vimpat tablets	lacosamide
Viokace tablets	pancrelipase
Viracept	nelfinavir mesylate
Viramune XR	nevirapine
Viread	tenofovir disoproxil fumarate
Viroptic	trifluridine ophthalmic solution
Vistaril	hydroxyzine pamoate
Vistide	cidofovir
Visudyne	verteporfin for injection
Vitekta	elvitegravir tablets
Vivactil tablets	protripyline
Vivitrol	naltrexone for extended-release injectable suspension
Vivonex Pediatric	vivonex pediatric
Vivonex Plus	vivonex plus
Vivonex RTF	vivonex RTF
Vivonex T.E.N.	vivonex T.E.N.
Votrient	pazopanib
VPRIV Injection	velaglucerase alfa
Vraylar	cariprazine
Vsl#3 Ds	medical food
Vytorin	ezetimibe/simvastatin
Vyvanse	lisdexamfetamine dimesylate capsules
Welchol	colesevelam HCI
Wellbutrin XL	bupropion hcl
Wilate	vonwillebrand factor/coagulation factor Vlll complex (human) liquid
WINRHO SDF	winrho sdf
Xalatan	latanoprost solution
Xalkori	crizotinib
Xanax	alprazolam
Xarelto	rivaroxaban tablets
Xeljanz tablet	tofacitinib citrate
Xenazine Tablets	tetrabenazine
Xeomin Injection	incobotulinumtoxinA
XGEVA	denosumab
Xiaflex Injection	collagenase clostridium histolyticum
Xifaxan	rifaximin
Xigduo XR	dapagliflozin/metformin
Xiidra	lifitegrast ophthalmic solution)
Xofigo injection	radium Ra 223 dichloride
Xolair	omalizumab
Xopenex	levalbuterol hcl
Xtandi	enzalutamide
Xyntha	antihemophiliam factor (recombinant)
Xyrem	gammahydroxybutyrate
Yasmin	drospirenone/ethinyl estradiol tablets
Yaz	drospirenone & ethinyl estradiol
Yervoy	ipilimumab
Yondelis	trabectedin
Zaltrap	ziv-afilibercep
Zarontin	ethosuximide
Zarxio	filgrastim-sndz
Zavesca capsule	miglustat
Zelapar	selegiline HCI
Zelboraf	vemurafenib
Zemaira	Alpha1-Proteinase Inhibitor (Human)
Zenpep capsules	pancrelipase
Zepatier	elbasvir/grazoprevir
Zerbaxa Injection	ceftolozane/tazobactam
Zetia	ezetimibe
Zetonna Nasal Aerosol	ciclesonide
Zevalin	ibritumomab tiuxetan
Ziagen oral solution	abacavir sulfate
Ziagen tablets	abacavir sulfate
Zinecard	dextrazoxane
Zioptan opthalmic solution	tafluprost
Zirgan	ganciclovir ophthalmic gel
Zithromax	azithromycin
Zmax	azithromycin extended release
Zoladex	goserelin acetate
Zolinza	vorinostat
Zoloft	sertraline HCI
Zometa	zoledronic acid
Zomig (nasal spray)	zolmitriptan
Zomig (tablets)	zolmitriptan
Zomig orally disintegrated tablets ZMT	zolmitriptan
Zortress	everolimus
Zostavax	Zoster vaccine live
Zovirax (cream)	acyclovir
Zovirax (Ointment)	acyclovir
Zubsolv Tablet; Sublingual	buprenorphine/naloxone
Zurampic	lesinurad
Zydelig Tablet	idelalisib
Zyflo CR	zileuton
Zykadia	ceritinib
Zylet	loteprednol etabonate and tobramycin ophthalmic suspension
Zyprexa	olanzapine
Zyprexa Relprevv	olanzapine
Zyprexa Zydis	olanzapine
Zytiga tablets	abiraterone acetate
Zyvox	linezolid
 
